Y,X011,X012,X021,X022,X031,X032,X041,X042,X051,X052,X061,X062,X071,X072,X081,X082
1,1,0,1,-5,1.05,0.10,1.20,-5,1.21,0.21,1.62,-5,1.23,0.03,1.48,-5
1,1,0,1,-15,1.05,0.10,1.20,-15,1.21,0.21,1.50,-15,1.23,0.03,1.35,-15
1,1,0,1,-25,1.05,0.10,1.20,-25,1.21,0.21,1.50,-25,1.23,0.03,1.35,-25
1,1,0,1,-35,1.05,0.10,1.20,-35,1.21,0.21,1.50,-35,1.23,0.03,1.35,-35
1,1,0,1,-45,1.05,0.10,1.20,-45,1.21,0.21,1.50,-45,1.23,0.03,1.35,-45
1,1,0,1,-55,1.05,0.10,1.20,-55,1.21,0.21,1.50,-55,1.23,0.03,1.35,-55
1,1,0,1,-65,1.05,0.10,1.20,-65,1.21,0.21,1.50,-65,1.23,0.03,1.35,-65
1,1,0,1,-75,1.05,0.10,1.20,-75,1.21,0.21,1.50,-75,1.23,0.03,1.35,-75
1,1,0,1,-85,1.05,0.10,1.20,-85,1.21,0.21,1.50,-85,1.23,0.03,1.35,-85
0,1,0,1,-95,1.05,0.10,1.20,-95,1.21,0.21,1.50,-95,1.23,0.03,1.35,-95
0,1,0,1,-105,1.05,0.10,1.20,-105,1.21,0.21,1.50,-105,1.23,0.03,1.35,-105
0,1,0,1,-115,1.05,0.10,1.20,-115,1.21,0.21,1.50,-115,1.23,0.03,1.35,-115
0,1,0,1,-125,1.05,0.10,1.20,-125,1.21,0.21,1.50,-125,1.23,0.03,1.35,-125
0,1,0,1,-135,1.05,0.10,1.20,-135,1.21,0.21,1.50,-135,1.23,0.03,1.35,-135
0,1,0,1,-145,1.05,0.10,1.20,-145,1.21,0.21,1.50,-145,1.23,0.03,1.35,-145
0,1,0,1,-155,1.05,0.10,1.20,-155,1.21,0.21,1.50,-155,1.23,0.03,1.35,-155
0,1,0,1,-165,1.05,0.10,1.20,-165,1.21,0.21,1.50,-165,1.23,0.03,1.35,-165
0,1,0,1,-175,1.05,0.10,1.20,-175,1.21,0.21,1.50,-175,1.23,0.03,1.35,-175
0,1,0,1,-185,1.05,0.10,1.20,-185,1.21,0.21,1.50,-185,1.23,0.03,1.35,-185
0,1,0,1,-195,1.05,0.10,1.20,-195,1.21,0.21,1.50,-195,1.23,0.03,1.35,-195
0,1,0,1,-205,1.05,0.10,1.20,-205,1.21,0.21,1.50,-205,1.23,0.03,1.35,-205
0,1,0,1,-215,1.05,0.10,1.20,-215,1.21,0.21,1.50,-215,1.23,0.03,1.35,-215
0,1,0,1,-225,1.05,0.10,1.20,-225,1.21,0.21,1.50,-225,1.23,0.03,1.35,-225
0,1,0,1,-235,1.05,0.10,1.20,-235,1.21,0.21,1.50,-235,1.23,0.03,1.35,-235
0,1,0,1,-245,1.05,0.10,1.20,-245,1.21,0.21,1.50,-245,1.23,0.03,1.35,-245
0,1,0,1,-255,1.05,0.10,1.20,-255,1.21,0.21,1.50,-255,1.23,0.03,1.35,-255
0,1,0,1,-265,1.05,0.10,1.20,-265,1.21,0.21,1.50,-265,1.23,0.03,1.35,-265
1,1,0,1,-275,1.05,0.10,1.20,-275,1.21,0.21,1.50,-275,1.23,0.03,1.35,-275
1,1,0,1,-285,1.05,0.10,1.20,-285,1.21,0.21,1.50,-285,1.23,0.03,1.35,-285
1,1,0,1,-295,1.05,0.10,1.20,-295,1.21,0.21,1.50,-295,1.23,0.03,1.35,-295
1,1,0,1,-305,1.05,0.10,1.20,-305,1.21,0.21,1.50,-305,1.23,0.03,1.35,-305
1,1,0,1,-315,1.05,0.10,1.20,-315,1.21,0.21,1.50,-315,1.23,0.03,1.35,-315
1,1,0,1,-325,1.05,0.10,1.20,-325,1.21,0.21,1.50,-325,1.23,0.03,1.35,-325
1,1,0,1,-335,1.05,0.10,1.20,-335,1.21,0.21,1.50,-335,1.23,0.03,1.35,-335
1,1,0,1,-345,1.05,0.10,1.20,-345,1.21,0.21,1.50,-345,1.23,0.03,1.35,-345
1,1,0,1,-355,1.05,0.10,1.20,-355,1.21,0.21,1.50,-355,1.23,0.03,1.35,-355
1,2,0,2,-5,2.05,0.10,2.10,-5,2.31,0.21,2.40,-5,2.44,0.03,2.34,-5
1,2,0,2,-15,2.05,0.10,2.10,-15,2.31,0.21,2.40,-15,2.44,0.03,2.34,-15
1,2,0,2,-25,2.05,0.10,2.10,-25,2.31,0.21,2.40,-25,2.44,0.03,2.34,-25
1,2,0,2,-35,2.05,0.10,2.10,-35,2.31,0.21,2.40,-35,2.44,0.03,2.34,-35
1,2,0,2,-45,2.05,0.10,2.10,-45,2.31,0.21,2.40,-45,2.44,0.03,2.34,-45
1,2,0,2,-55,2.05,0.10,2.10,-55,2.31,0.21,2.40,-55,2.44,0.03,2.34,-55
1,2,0,2,-65,2.05,0.10,2.10,-65,2.31,0.21,2.40,-65,2.44,0.03,2.34,-65
1,2,0,2,-75,2.05,0.10,2.10,-75,2.31,0.21,2.40,-75,2.44,0.03,2.34,-75
1,2,0,2,-85,2.05,0.10,2.10,-85,2.31,0.21,2.40,-85,2.44,0.03,2.34,-85
0,2,0,2,-95,2.05,0.10,2.10,-95,2.31,0.21,2.40,-95,2.44,0.03,2.34,-95
0,2,0,2,-105,2.05,0.10,2.10,-105,2.31,0.21,2.40,-105,2.44,0.03,2.34,-105
0,2,0,2,-115,2.05,0.10,2.10,-115,2.31,0.21,2.40,-115,2.44,0.03,2.34,-115
0,2,0,2,-125,2.05,0.10,2.10,-125,2.31,0.21,2.40,-125,2.44,0.03,2.34,-125
0,2,0,2,-135,2.05,0.10,2.10,-135,2.31,0.21,2.40,-135,2.44,0.03,2.34,-135
0,2,0,2,-145,2.05,0.10,2.10,-145,2.31,0.21,2.40,-145,2.44,0.03,2.34,-145
0,2,0,2,-155,2.05,0.10,2.10,-155,2.31,0.21,2.40,-155,2.44,0.03,2.34,-155
0,2,0,2,-165,2.05,0.10,2.10,-165,2.31,0.21,2.40,-165,2.44,0.03,2.34,-165
0,2,0,2,-175,2.05,0.10,2.10,-175,2.31,0.21,2.40,-175,2.44,0.03,2.34,-175
0,2,0,2,-185,2.05,0.10,2.10,-185,2.31,0.21,2.40,-185,2.44,0.03,2.34,-185
0,2,0,2,-195,2.05,0.10,2.10,-195,2.31,0.21,2.40,-195,2.44,0.03,2.34,-195
0,2,0,2,-205,2.05,0.10,2.10,-205,2.31,0.21,2.40,-205,2.44,0.03,2.34,-205
0,2,0,2,-215,2.05,0.10,2.10,-215,2.31,0.21,2.40,-215,2.44,0.03,2.34,-215
0,2,0,2,-225,2.05,0.10,2.10,-225,2.31,0.21,2.40,-225,2.44,0.03,2.34,-225
0,2,0,2,-235,2.05,0.10,2.10,-235,2.31,0.21,2.40,-235,2.44,0.03,2.34,-235
0,2,0,2,-245,2.05,0.10,2.10,-245,2.31,0.21,2.40,-245,2.44,0.03,2.34,-245
0,2,0,2,-255,2.05,0.10,2.10,-255,2.31,0.21,2.40,-255,2.44,0.03,2.34,-255
0,2,0,2,-265,2.05,0.10,2.10,-265,2.31,0.21,2.40,-265,2.44,0.03,2.34,-265
1,2,0,2,-275,2.05,0.10,2.10,-275,2.31,0.21,2.40,-275,2.44,0.03,2.34,-275
1,2,0,2,-285,2.05,0.10,2.10,-285,2.31,0.21,2.40,-285,2.44,0.03,2.34,-285
1,2,0,2,-295,2.05,0.10,2.10,-295,2.31,0.21,2.40,-295,2.44,0.03,2.34,-295
1,2,0,2,-305,2.05,0.10,2.10,-305,2.31,0.21,2.40,-305,2.44,0.03,2.34,-305
1,2,0,2,-315,2.05,0.10,2.10,-315,2.31,0.21,2.40,-315,2.44,0.03,2.34,-315
1,2,0,2,-325,2.05,0.10,2.10,-325,2.31,0.21,2.40,-325,2.44,0.03,2.34,-325
1,2,0,2,-335,2.05,0.10,2.10,-335,2.31,0.21,2.40,-335,2.44,0.03,2.34,-335
1,2,0,2,-345,2.05,0.10,2.10,-345,2.31,0.21,2.40,-345,2.44,0.03,2.34,-345
1,2,0,2,-355,2.05,0.10,2.10,-355,2.31,0.21,2.40,-355,2.44,0.03,2.34,-355
1,3,0,3,-5,3.05,0.10,3.00,-5,3.41,0.21,3.30,-5,3.65,0.03,3.33,-5
1,3,0,3,-15,3.05,0.10,3.00,-15,3.41,0.21,3.30,-15,3.65,0.03,3.33,-15
1,3,0,3,-25,3.05,0.10,3.00,-25,3.41,0.21,3.30,-25,3.65,0.03,3.33,-25
1,3,0,3,-35,3.05,0.10,3.00,-35,3.41,0.21,3.30,-35,3.65,0.03,3.33,-35
1,3,0,3,-45,3.05,0.10,3.00,-45,3.41,0.21,3.30,-45,3.65,0.03,3.33,-45
1,3,0,3,-55,3.05,0.10,3.00,-55,3.41,0.21,3.30,-55,3.65,0.03,3.33,-55
1,3,0,3,-65,3.05,0.10,3.00,-65,3.41,0.21,3.30,-65,3.65,0.03,3.33,-65
1,3,0,3,-75,3.05,0.10,3.00,-75,3.41,0.21,3.30,-75,3.65,0.03,3.33,-75
1,3,0,3,-85,3.05,0.10,3.00,-85,3.41,0.21,3.30,-85,3.65,0.03,3.33,-85
0,3,0,3,-95,3.05,0.10,3.00,-95,3.41,0.21,3.30,-95,3.65,0.03,3.33,-95
0,3,0,3,-105,3.05,0.10,3.00,-105,3.41,0.21,3.30,-105,3.65,0.03,3.33,-105
0,3,0,3,-115,3.05,0.10,3.00,-115,3.41,0.21,3.30,-115,3.65,0.03,3.33,-115
0,3,0,3,-125,3.05,0.10,3.00,-125,3.41,0.21,3.30,-125,3.65,0.03,3.33,-125
0,3,0,3,-135,3.05,0.10,3.00,-135,3.41,0.21,3.30,-135,3.65,0.03,3.33,-135
0,3,0,3,-145,3.05,0.10,3.00,-145,3.41,0.21,3.30,-145,3.65,0.03,3.33,-145
0,3,0,3,-155,3.05,0.10,3.00,-155,3.41,0.21,3.30,-155,3.65,0.03,3.33,-155
0,3,0,3,-165,3.05,0.10,3.00,-165,3.41,0.21,3.30,-165,3.65,0.03,3.33,-165
0,3,0,3,-175,3.05,0.10,3.00,-175,3.41,0.21,3.30,-175,3.65,0.03,3.33,-175
0,3,0,3,-185,3.05,0.10,3.00,-185,3.41,0.21,3.30,-185,3.65,0.03,3.33,-185
0,3,0,3,-195,3.05,0.10,3.00,-195,3.41,0.21,3.30,-195,3.65,0.03,3.33,-195
0,3,0,3,-205,3.05,0.10,3.00,-205,3.41,0.21,3.30,-205,3.65,0.03,3.33,-205
0,3,0,3,-215,3.05,0.10,3.00,-215,3.41,0.21,3.30,-215,3.65,0.03,3.33,-215
0,3,0,3,-225,3.05,0.10,3.00,-225,3.41,0.21,3.30,-225,3.65,0.03,3.33,-225
0,3,0,3,-235,3.05,0.10,3.00,-235,3.41,0.21,3.30,-235,3.65,0.03,3.33,-235
0,3,0,3,-245,3.05,0.10,3.00,-245,3.41,0.21,3.30,-245,3.65,0.03,3.33,-245
0,3,0,3,-255,3.05,0.10,3.00,-255,3.41,0.21,3.30,-255,3.65,0.03,3.33,-255
0,3,0,3,-265,3.05,0.10,3.00,-265,3.41,0.21,3.30,-265,3.65,0.03,3.33,-265
1,3,0,3,-275,3.05,0.10,3.00,-275,3.41,0.21,3.30,-275,3.65,0.03,3.33,-275
1,3,0,3,-285,3.05,0.10,3.00,-285,3.41,0.21,3.30,-285,3.65,0.03,3.33,-285
1,3,0,3,-295,3.05,0.10,3.00,-295,3.41,0.21,3.30,-295,3.65,0.03,3.33,-295
1,3,0,3,-305,3.05,0.10,3.00,-305,3.41,0.21,3.30,-305,3.65,0.03,3.33,-305
1,3,0,3,-315,3.05,0.10,3.00,-315,3.41,0.21,3.30,-315,3.65,0.03,3.33,-315
1,3,0,3,-325,3.05,0.10,3.00,-325,3.41,0.21,3.30,-325,3.65,0.03,3.33,-325
1,3,0,3,-335,3.05,0.10,3.00,-335,3.41,0.21,3.30,-335,3.65,0.03,3.33,-335
1,3,0,3,-345,3.05,0.10,3.00,-345,3.41,0.21,3.30,-345,3.65,0.03,3.33,-345
1,3,0,3,-355,3.05,0.10,3.00,-355,3.41,0.21,3.30,-355,3.65,0.03,3.33,-355
1,4,0,4,-5,4.05,0.10,3.90,-5,4.51,0.21,4.20,-5,4.86,0.03,4.32,-5
1,4,0,4,-15,4.05,0.10,3.90,-15,4.51,0.21,4.20,-15,4.86,0.03,4.32,-15
1,4,0,4,-25,4.05,0.10,3.90,-25,4.51,0.21,4.20,-25,4.86,0.03,4.32,-25
1,4,0,4,-35,4.05,0.10,3.90,-35,4.51,0.21,4.20,-35,4.86,0.03,4.32,-35
1,4,0,4,-45,4.05,0.10,3.90,-45,4.51,0.21,4.20,-45,4.86,0.03,4.32,-45
1,4,0,4,-55,4.05,0.10,3.90,-55,4.51,0.21,4.20,-55,4.86,0.03,4.32,-55
1,4,0,4,-65,4.05,0.10,3.90,-65,4.51,0.21,4.20,-65,4.86,0.03,4.32,-65
1,4,0,4,-75,4.05,0.10,3.90,-75,4.51,0.21,4.20,-75,4.86,0.03,4.32,-75
1,4,0,4,-85,4.05,0.10,3.90,-85,4.51,0.21,4.20,-85,4.86,0.03,4.32,-85
0,4,0,4,-95,4.05,0.10,3.90,-95,4.51,0.21,4.20,-95,4.86,0.03,4.32,-95
0,4,0,4,-105,4.05,0.10,3.90,-105,4.51,0.21,4.20,-105,4.86,0.03,4.32,-105
0,4,0,4,-115,4.05,0.10,3.90,-115,4.51,0.21,4.20,-115,4.86,0.03,4.32,-115
0,4,0,4,-125,4.05,0.10,3.90,-125,4.51,0.21,4.20,-125,4.86,0.03,4.32,-125
0,4,0,4,-135,4.05,0.10,3.90,-135,4.51,0.21,4.20,-135,4.86,0.03,4.32,-135
0,4,0,4,-145,4.05,0.10,3.90,-145,4.51,0.21,4.20,-145,4.86,0.03,4.32,-145
0,4,0,4,-155,4.05,0.10,3.90,-155,4.51,0.21,4.20,-155,4.86,0.03,4.32,-155
0,4,0,4,-165,4.05,0.10,3.90,-165,4.51,0.21,4.20,-165,4.86,0.03,4.32,-165
0,4,0,4,-175,4.05,0.10,3.90,-175,4.51,0.21,4.20,-175,4.86,0.03,4.32,-175
0,4,0,4,-185,4.05,0.10,3.90,-185,4.51,0.21,4.20,-185,4.86,0.03,4.32,-185
0,4,0,4,-195,4.05,0.10,3.90,-195,4.51,0.21,4.20,-195,4.86,0.03,4.32,-195
0,4,0,4,-205,4.05,0.10,3.90,-205,4.51,0.21,4.20,-205,4.86,0.03,4.32,-205
0,4,0,4,-215,4.05,0.10,3.90,-215,4.51,0.21,4.20,-215,4.86,0.03,4.32,-215
0,4,0,4,-225,4.05,0.10,3.90,-225,4.51,0.21,4.20,-225,4.86,0.03,4.32,-225
0,4,0,4,-235,4.05,0.10,3.90,-235,4.51,0.21,4.20,-235,4.86,0.03,4.32,-235
0,4,0,4,-245,4.05,0.10,3.90,-245,4.51,0.21,4.20,-245,4.86,0.03,4.32,-245
0,4,0,4,-255,4.05,0.10,3.90,-255,4.51,0.21,4.20,-255,4.86,0.03,4.32,-255
0,4,0,4,-265,4.05,0.10,3.90,-265,4.51,0.21,4.20,-265,4.86,0.03,4.32,-265
1,4,0,4,-275,4.05,0.10,3.90,-275,4.51,0.21,4.20,-275,4.86,0.03,4.32,-275
1,4,0,4,-285,4.05,0.10,3.90,-285,4.51,0.21,4.20,-285,4.86,0.03,4.32,-285
1,4,0,4,-295,4.05,0.10,3.90,-295,4.51,0.21,4.20,-295,4.86,0.03,4.32,-295
1,4,0,4,-305,4.05,0.10,3.90,-305,4.51,0.21,4.20,-305,4.86,0.03,4.32,-305
1,4,0,4,-315,4.05,0.10,3.90,-315,4.51,0.21,4.20,-315,4.86,0.03,4.32,-315
1,4,0,4,-325,4.05,0.10,3.90,-325,4.51,0.21,4.20,-325,4.86,0.03,4.32,-325
1,4,0,4,-335,4.05,0.10,3.90,-335,4.51,0.21,4.20,-335,4.86,0.03,4.32,-335
1,4,0,4,-345,4.05,0.10,3.90,-345,4.51,0.21,4.20,-345,4.86,0.03,4.32,-345
1,4,0,4,-355,4.05,0.10,3.90,-355,4.51,0.21,4.20,-355,4.86,0.03,4.32,-355
1,8,0,8,-5,8.05,0.10,7.50,-5,8.91,0.21,7.80,-5,9.70,0.03,8.28,-5
1,8,0,8,-15,8.05,0.10,7.50,-15,8.91,0.21,7.80,-15,9.70,0.03,8.28,-15
1,8,0,8,-25,8.05,0.10,7.50,-25,8.91,0.21,7.80,-25,9.70,0.03,8.28,-25
1,8,0,8,-35,8.05,0.10,7.50,-35,8.91,0.21,7.80,-35,9.70,0.03,8.28,-35
1,8,0,8,-45,8.05,0.10,7.50,-45,8.91,0.21,7.80,-45,9.70,0.03,8.28,-45
1,8,0,8,-55,8.05,0.10,7.50,-55,8.91,0.21,7.80,-55,9.70,0.03,8.28,-55
1,8,0,8,-65,8.05,0.10,7.50,-65,8.91,0.21,7.80,-65,9.70,0.03,8.28,-65
1,8,0,8,-75,8.05,0.10,7.50,-75,8.91,0.21,7.80,-75,9.70,0.03,8.28,-75
1,8,0,8,-85,8.05,0.10,7.50,-85,8.91,0.21,7.80,-85,9.70,0.03,8.28,-85
0,8,0,8,-95,8.05,0.10,7.50,-95,8.91,0.21,7.80,-95,9.70,0.03,8.28,-95
0,8,0,8,-105,8.05,0.10,7.50,-105,8.91,0.21,7.80,-105,9.70,0.03,8.28,-105
0,8,0,8,-115,8.05,0.10,7.50,-115,8.91,0.21,7.80,-115,9.70,0.03,8.28,-115
0,8,0,8,-125,8.05,0.10,7.50,-125,8.91,0.21,7.80,-125,9.70,0.03,8.28,-125
0,8,0,8,-135,8.05,0.10,7.50,-135,8.91,0.21,7.80,-135,9.70,0.03,8.28,-135
0,8,0,8,-145,8.05,0.10,7.50,-145,8.91,0.21,7.80,-145,9.70,0.03,8.28,-145
0,8,0,8,-155,8.05,0.10,7.50,-155,8.91,0.21,7.80,-155,9.70,0.03,8.28,-155
0,8,0,8,-165,8.05,0.10,7.50,-165,8.91,0.21,7.80,-165,9.70,0.03,8.28,-165
0,8,0,8,-175,8.05,0.10,7.50,-175,8.91,0.21,7.80,-175,9.70,0.03,8.28,-175
0,8,0,8,-185,8.05,0.10,7.50,-185,8.91,0.21,7.80,-185,9.70,0.03,8.28,-185
0,8,0,8,-195,8.05,0.10,7.50,-195,8.91,0.21,7.80,-195,9.70,0.03,8.28,-195
0,8,0,8,-205,8.05,0.10,7.50,-205,8.91,0.21,7.80,-205,9.70,0.03,8.28,-205
0,8,0,8,-215,8.05,0.10,7.50,-215,8.91,0.21,7.80,-215,9.70,0.03,8.28,-215
0,8,0,8,-225,8.05,0.10,7.50,-225,8.91,0.21,7.80,-225,9.70,0.03,8.28,-225
0,8,0,8,-235,8.05,0.10,7.50,-235,8.91,0.21,7.80,-235,9.70,0.03,8.28,-235
0,8,0,8,-245,8.05,0.10,7.50,-245,8.91,0.21,7.80,-245,9.70,0.03,8.28,-245
0,8,0,8,-255,8.05,0.10,7.50,-255,8.91,0.21,7.80,-255,9.70,0.03,8.28,-255
0,8,0,8,-265,8.05,0.10,7.50,-265,8.91,0.21,7.80,-265,9.70,0.03,8.28,-265
1,8,0,8,-275,8.05,0.10,7.50,-275,8.91,0.21,7.80,-275,9.70,0.03,8.28,-275
1,8,0,8,-285,8.05,0.10,7.50,-285,8.91,0.21,7.80,-285,9.70,0.03,8.28,-285
1,8,0,8,-295,8.05,0.10,7.50,-295,8.91,0.21,7.80,-295,9.70,0.03,8.28,-295
1,8,0,8,-305,8.05,0.10,7.50,-305,8.91,0.21,7.80,-305,9.70,0.03,8.28,-305
1,8,0,8,-315,8.05,0.10,7.50,-315,8.91,0.21,7.80,-315,9.70,0.03,8.28,-315
1,8,0,8,-325,8.05,0.10,7.50,-325,8.91,0.21,7.80,-325,9.70,0.03,8.28,-325
1,8,0,8,-335,8.05,0.10,7.50,-335,8.91,0.21,7.80,-335,9.70,0.03,8.28,-335
1,8,0,8,-345,8.05,0.10,7.50,-345,8.91,0.21,7.80,-345,9.70,0.03,8.28,-345
1,8,0,8,-355,8.05,0.10,7.50,-355,8.91,0.21,7.80,-355,9.70,0.03,8.28,-355
1,0.5,0,0.19,-5,0.55,0.10,0.47,-5,0.66,0.21,0.77,-5,0.62,0.03,0.55,-5
1,0.5,0,0.19,-15,0.55,0.10,0.47,-15,0.66,0.21,0.77,-15,0.62,0.03,0.55,-15
1,0.5,0,0.19,-25,0.55,0.10,0.47,-25,0.66,0.21,0.77,-25,0.62,0.03,0.55,-25
1,0.5,0,0.19,-35,0.55,0.10,0.47,-35,0.66,0.21,0.77,-35,0.62,0.03,0.55,-35
1,0.5,0,0.19,-45,0.55,0.10,0.47,-45,0.66,0.21,0.77,-45,0.62,0.03,0.55,-45
1,0.5,0,0.19,-55,0.55,0.10,0.47,-55,0.66,0.21,0.77,-55,0.62,0.03,0.55,-55
1,0.5,0,0.19,-65,0.55,0.10,0.47,-65,0.66,0.21,0.77,-65,0.62,0.03,0.55,-65
1,0.5,0,0.19,-75,0.55,0.10,0.47,-75,0.66,0.21,0.77,-75,0.62,0.03,0.55,-75
1,0.5,0,0.19,-85,0.55,0.10,0.47,-85,0.66,0.21,0.77,-85,0.62,0.03,0.55,-85
1,0.5,0,0.19,-95,0.55,0.10,0.47,-95,0.66,0.21,0.77,-95,0.62,0.03,0.55,-95
1,0.5,0,0.19,-105,0.55,0.10,0.47,-105,0.66,0.21,0.77,-105,0.62,0.03,0.55,-105
1,0.5,0,0.19,-115,0.55,0.10,0.47,-115,0.66,0.21,0.77,-115,0.62,0.03,0.55,-115
1,0.5,0,0.19,-125,0.55,0.10,0.47,-125,0.66,0.21,0.77,-125,0.62,0.03,0.55,-125
1,0.5,0,0.19,-135,0.55,0.10,0.47,-135,0.66,0.21,0.77,-135,0.62,0.03,0.55,-135
1,0.5,0,0.19,-145,0.55,0.10,0.47,-145,0.66,0.21,0.77,-145,0.62,0.03,0.55,-145
1,0.5,0,0.19,-155,0.55,0.10,0.47,-155,0.66,0.21,0.77,-155,0.62,0.03,0.55,-155
1,0.5,0,0.19,-165,0.55,0.10,0.47,-165,0.66,0.21,0.77,-165,0.62,0.03,0.55,-165
1,0.5,0,0.19,-175,0.55,0.10,0.47,-175,0.66,0.21,0.77,-175,0.62,0.03,0.55,-175
1,0.5,0,0.19,-185,0.55,0.10,0.47,-185,0.66,0.21,0.77,-185,0.62,0.03,0.55,-185
1,0.5,0,0.19,-195,0.55,0.10,0.47,-195,0.66,0.21,0.77,-195,0.62,0.03,0.55,-195
1,0.5,0,0.19,-205,0.55,0.10,0.47,-205,0.66,0.21,0.77,-205,0.62,0.03,0.55,-205
1,0.5,0,0.19,-215,0.55,0.10,0.47,-215,0.66,0.21,0.77,-215,0.62,0.03,0.55,-215
1,0.5,0,0.19,-225,0.55,0.10,0.47,-225,0.66,0.21,0.77,-225,0.62,0.03,0.55,-225
1,0.5,0,0.19,-235,0.55,0.10,0.47,-235,0.66,0.21,0.77,-235,0.62,0.03,0.55,-235
1,0.5,0,0.19,-245,0.55,0.10,0.47,-245,0.66,0.21,0.77,-245,0.62,0.03,0.55,-245
1,0.5,0,0.19,-255,0.55,0.10,0.47,-255,0.66,0.21,0.77,-255,0.62,0.03,0.55,-255
1,0.5,0,0.19,-265,0.55,0.10,0.47,-265,0.66,0.21,0.77,-265,0.62,0.03,0.55,-265
1,0.5,0,0.19,-275,0.55,0.10,0.47,-275,0.66,0.21,0.77,-275,0.62,0.03,0.55,-275
1,0.5,0,0.19,-285,0.55,0.10,0.47,-285,0.66,0.21,0.77,-285,0.62,0.03,0.55,-285
1,0.5,0,0.19,-295,0.55,0.10,0.47,-295,0.66,0.21,0.77,-295,0.62,0.03,0.55,-295
1,0.5,0,0.19,-305,0.55,0.10,0.47,-305,0.66,0.21,0.77,-305,0.62,0.03,0.55,-305
1,0.5,0,0.19,-315,0.55,0.10,0.47,-315,0.66,0.21,0.77,-315,0.62,0.03,0.55,-315
1,0.5,0,0.19,-325,0.55,0.10,0.47,-325,0.66,0.21,0.77,-325,0.62,0.03,0.55,-325
1,0.5,0,0.19,-335,0.55,0.10,0.47,-335,0.66,0.21,0.77,-335,0.62,0.03,0.55,-335
1,0.5,0,0.19,-345,0.55,0.10,0.47,-345,0.66,0.21,0.77,-345,0.62,0.03,0.55,-345
1,0.5,0,0.19,-355,0.55,0.10,0.47,-355,0.66,0.21,0.77,-355,0.62,0.03,0.55,-355
1,1.5,0,0.29,-5,1.55,0.10,0.56,-5,1.76,0.21,0.86,-5,1.83,0.03,0.65,-5
1,1.5,0,0.29,-15,1.55,0.10,0.56,-15,1.76,0.21,0.86,-15,1.83,0.03,0.65,-15
1,1.5,0,0.29,-25,1.55,0.10,0.56,-25,1.76,0.21,0.86,-25,1.83,0.03,0.65,-25
1,1.5,0,0.29,-35,1.55,0.10,0.56,-35,1.76,0.21,0.86,-35,1.83,0.03,0.65,-35
1,1.5,0,0.29,-45,1.55,0.10,0.56,-45,1.76,0.21,0.86,-45,1.83,0.03,0.65,-45
1,1.5,0,0.29,-55,1.55,0.10,0.56,-55,1.76,0.21,0.86,-55,1.83,0.03,0.65,-55
1,1.5,0,0.29,-65,1.55,0.10,0.56,-65,1.76,0.21,0.86,-65,1.83,0.03,0.65,-65
1,1.5,0,0.29,-75,1.55,0.10,0.56,-75,1.76,0.21,0.86,-75,1.83,0.03,0.65,-75
1,1.5,0,0.29,-85,1.55,0.10,0.56,-85,1.76,0.21,0.86,-85,1.83,0.03,0.65,-85
1,1.5,0,0.29,-95,1.55,0.10,0.56,-95,1.76,0.21,0.86,-95,1.83,0.03,0.65,-95
1,1.5,0,0.29,-105,1.55,0.10,0.56,-105,1.76,0.21,0.86,-105,1.83,0.03,0.65,-105
1,1.5,0,0.29,-115,1.55,0.10,0.56,-115,1.76,0.21,0.86,-115,1.83,0.03,0.65,-115
1,1.5,0,0.29,-125,1.55,0.10,0.56,-125,1.76,0.21,0.86,-125,1.83,0.03,0.65,-125
1,1.5,0,0.29,-135,1.55,0.10,0.56,-135,1.76,0.21,0.86,-135,1.83,0.03,0.65,-135
1,1.5,0,0.29,-145,1.55,0.10,0.56,-145,1.76,0.21,0.86,-145,1.83,0.03,0.65,-145
1,1.5,0,0.29,-155,1.55,0.10,0.56,-155,1.76,0.21,0.86,-155,1.83,0.03,0.65,-155
1,1.5,0,0.29,-165,1.55,0.10,0.56,-165,1.76,0.21,0.86,-165,1.83,0.03,0.65,-165
1,1.5,0,0.29,-175,1.55,0.10,0.56,-175,1.76,0.21,0.86,-175,1.83,0.03,0.65,-175
1,1.5,0,0.29,-185,1.55,0.10,0.56,-185,1.76,0.21,0.86,-185,1.83,0.03,0.65,-185
1,1.5,0,0.29,-195,1.55,0.10,0.56,-195,1.76,0.21,0.86,-195,1.83,0.03,0.65,-195
1,1.5,0,0.29,-205,1.55,0.10,0.56,-205,1.76,0.21,0.86,-205,1.83,0.03,0.65,-205
1,1.5,0,0.29,-215,1.55,0.10,0.56,-215,1.76,0.21,0.86,-215,1.83,0.03,0.65,-215
1,1.5,0,0.29,-225,1.55,0.10,0.56,-225,1.76,0.21,0.86,-225,1.83,0.03,0.65,-225
1,1.5,0,0.29,-235,1.55,0.10,0.56,-235,1.76,0.21,0.86,-235,1.83,0.03,0.65,-235
1,1.5,0,0.29,-245,1.55,0.10,0.56,-245,1.76,0.21,0.86,-245,1.83,0.03,0.65,-245
1,1.5,0,0.29,-255,1.55,0.10,0.56,-255,1.76,0.21,0.86,-255,1.83,0.03,0.65,-255
1,1.5,0,0.29,-265,1.55,0.10,0.56,-265,1.76,0.21,0.86,-265,1.83,0.03,0.65,-265
1,1.5,0,0.29,-275,1.55,0.10,0.56,-275,1.76,0.21,0.86,-275,1.83,0.03,0.65,-275
1,1.5,0,0.29,-285,1.55,0.10,0.56,-285,1.76,0.21,0.86,-285,1.83,0.03,0.65,-285
1,1.5,0,0.29,-295,1.55,0.10,0.56,-295,1.76,0.21,0.86,-295,1.83,0.03,0.65,-295
1,1.5,0,0.29,-305,1.55,0.10,0.56,-305,1.76,0.21,0.86,-305,1.83,0.03,0.65,-305
1,1.5,0,0.29,-315,1.55,0.10,0.56,-315,1.76,0.21,0.86,-315,1.83,0.03,0.65,-315
1,1.5,0,0.29,-325,1.55,0.10,0.56,-325,1.76,0.21,0.86,-325,1.83,0.03,0.65,-325
1,1.5,0,0.29,-335,1.55,0.10,0.56,-335,1.76,0.21,0.86,-335,1.83,0.03,0.65,-335
1,1.5,0,0.29,-345,1.55,0.10,0.56,-345,1.76,0.21,0.86,-345,1.83,0.03,0.65,-345
1,1.5,0,0.29,-355,1.55,0.10,0.56,-355,1.76,0.21,0.86,-355,1.83,0.03,0.65,-355
1,2.5,0,0.49,-5,2.55,0.10,0.74,-5,2.86,0.21,1.04,-5,3.04,0.03,0.85,-5
1,2.5,0,0.49,-15,2.55,0.10,0.74,-15,2.86,0.21,1.04,-15,3.04,0.03,0.85,-15
1,2.5,0,0.49,-25,2.55,0.10,0.74,-25,2.86,0.21,1.04,-25,3.04,0.03,0.85,-25
1,2.5,0,0.49,-35,2.55,0.10,0.74,-35,2.86,0.21,1.04,-35,3.04,0.03,0.85,-35
1,2.5,0,0.49,-45,2.55,0.10,0.74,-45,2.86,0.21,1.04,-45,3.04,0.03,0.85,-45
1,2.5,0,0.49,-55,2.55,0.10,0.74,-55,2.86,0.21,1.04,-55,3.04,0.03,0.85,-55
1,2.5,0,0.49,-65,2.55,0.10,0.74,-65,2.86,0.21,1.04,-65,3.04,0.03,0.85,-65
1,2.5,0,0.49,-75,2.55,0.10,0.74,-75,2.86,0.21,1.04,-75,3.04,0.03,0.85,-75
1,2.5,0,0.49,-85,2.55,0.10,0.74,-85,2.86,0.21,1.04,-85,3.04,0.03,0.85,-85
1,2.5,0,0.49,-95,2.55,0.10,0.74,-95,2.86,0.21,1.04,-95,3.04,0.03,0.85,-95
1,2.5,0,0.49,-105,2.55,0.10,0.74,-105,2.86,0.21,1.04,-105,3.04,0.03,0.85,-105
1,2.5,0,0.49,-115,2.55,0.10,0.74,-115,2.86,0.21,1.04,-115,3.04,0.03,0.85,-115
1,2.5,0,0.49,-125,2.55,0.10,0.74,-125,2.86,0.21,1.04,-125,3.04,0.03,0.85,-125
1,2.5,0,0.49,-135,2.55,0.10,0.74,-135,2.86,0.21,1.04,-135,3.04,0.03,0.85,-135
1,2.5,0,0.49,-145,2.55,0.10,0.74,-145,2.86,0.21,1.04,-145,3.04,0.03,0.85,-145
1,2.5,0,0.49,-155,2.55,0.10,0.74,-155,2.86,0.21,1.04,-155,3.04,0.03,0.85,-155
1,2.5,0,0.49,-165,2.55,0.10,0.74,-165,2.86,0.21,1.04,-165,3.04,0.03,0.85,-165
1,2.5,0,0.49,-175,2.55,0.10,0.74,-175,2.86,0.21,1.04,-175,3.04,0.03,0.85,-175
1,2.5,0,0.49,-185,2.55,0.10,0.74,-185,2.86,0.21,1.04,-185,3.04,0.03,0.85,-185
1,2.5,0,0.49,-195,2.55,0.10,0.74,-195,2.86,0.21,1.04,-195,3.04,0.03,0.85,-195
1,2.5,0,0.49,-205,2.55,0.10,0.74,-205,2.86,0.21,1.04,-205,3.04,0.03,0.85,-205
1,2.5,0,0.49,-215,2.55,0.10,0.74,-215,2.86,0.21,1.04,-215,3.04,0.03,0.85,-215
1,2.5,0,0.49,-225,2.55,0.10,0.74,-225,2.86,0.21,1.04,-225,3.04,0.03,0.85,-225
1,2.5,0,0.49,-235,2.55,0.10,0.74,-235,2.86,0.21,1.04,-235,3.04,0.03,0.85,-235
1,2.5,0,0.49,-245,2.55,0.10,0.74,-245,2.86,0.21,1.04,-245,3.04,0.03,0.85,-245
1,2.5,0,0.49,-255,2.55,0.10,0.74,-255,2.86,0.21,1.04,-255,3.04,0.03,0.85,-255
1,2.5,0,0.49,-265,2.55,0.10,0.74,-265,2.86,0.21,1.04,-265,3.04,0.03,0.85,-265
1,2.5,0,0.49,-275,2.55,0.10,0.74,-275,2.86,0.21,1.04,-275,3.04,0.03,0.85,-275
1,2.5,0,0.49,-285,2.55,0.10,0.74,-285,2.86,0.21,1.04,-285,3.04,0.03,0.85,-285
1,2.5,0,0.49,-295,2.55,0.10,0.74,-295,2.86,0.21,1.04,-295,3.04,0.03,0.85,-295
1,2.5,0,0.49,-305,2.55,0.10,0.74,-305,2.86,0.21,1.04,-305,3.04,0.03,0.85,-305
1,2.5,0,0.49,-315,2.55,0.10,0.74,-315,2.86,0.21,1.04,-315,3.04,0.03,0.85,-315
1,2.5,0,0.49,-325,2.55,0.10,0.74,-325,2.86,0.21,1.04,-325,3.04,0.03,0.85,-325
1,2.5,0,0.49,-335,2.55,0.10,0.74,-335,2.86,0.21,1.04,-335,3.04,0.03,0.85,-335
1,2.5,0,0.49,-345,2.55,0.10,0.74,-345,2.86,0.21,1.04,-345,3.04,0.03,0.85,-345
1,2.5,0,0.49,-355,2.55,0.10,0.74,-355,2.86,0.21,1.04,-355,3.04,0.03,0.85,-355
1,3.5,0,0.69,-5,3.55,0.10,0.92,-5,3.96,0.21,1.22,-5,4.25,0.03,1.04,-5
1,3.5,0,0.69,-15,3.55,0.10,0.92,-15,3.96,0.21,1.22,-15,4.25,0.03,1.04,-15
1,3.5,0,0.69,-25,3.55,0.10,0.92,-25,3.96,0.21,1.22,-25,4.25,0.03,1.04,-25
1,3.5,0,0.69,-35,3.55,0.10,0.92,-35,3.96,0.21,1.22,-35,4.25,0.03,1.04,-35
1,3.5,0,0.69,-45,3.55,0.10,0.92,-45,3.96,0.21,1.22,-45,4.25,0.03,1.04,-45
1,3.5,0,0.69,-55,3.55,0.10,0.92,-55,3.96,0.21,1.22,-55,4.25,0.03,1.04,-55
1,3.5,0,0.69,-65,3.55,0.10,0.92,-65,3.96,0.21,1.22,-65,4.25,0.03,1.04,-65
1,3.5,0,0.69,-75,3.55,0.10,0.92,-75,3.96,0.21,1.22,-75,4.25,0.03,1.04,-75
1,3.5,0,0.69,-85,3.55,0.10,0.92,-85,3.96,0.21,1.22,-85,4.25,0.03,1.04,-85
1,3.5,0,0.69,-95,3.55,0.10,0.92,-95,3.96,0.21,1.22,-95,4.25,0.03,1.04,-95
1,3.5,0,0.69,-105,3.55,0.10,0.92,-105,3.96,0.21,1.22,-105,4.25,0.03,1.04,-105
1,3.5,0,0.69,-115,3.55,0.10,0.92,-115,3.96,0.21,1.22,-115,4.25,0.03,1.04,-115
1,3.5,0,0.69,-125,3.55,0.10,0.92,-125,3.96,0.21,1.22,-125,4.25,0.03,1.04,-125
1,3.5,0,0.69,-135,3.55,0.10,0.92,-135,3.96,0.21,1.22,-135,4.25,0.03,1.04,-135
1,3.5,0,0.69,-145,3.55,0.10,0.92,-145,3.96,0.21,1.22,-145,4.25,0.03,1.04,-145
1,3.5,0,0.69,-155,3.55,0.10,0.92,-155,3.96,0.21,1.22,-155,4.25,0.03,1.04,-155
1,3.5,0,0.69,-165,3.55,0.10,0.92,-165,3.96,0.21,1.22,-165,4.25,0.03,1.04,-165
1,3.5,0,0.69,-175,3.55,0.10,0.92,-175,3.96,0.21,1.22,-175,4.25,0.03,1.04,-175
1,3.5,0,0.69,-185,3.55,0.10,0.92,-185,3.96,0.21,1.22,-185,4.25,0.03,1.04,-185
1,3.5,0,0.69,-195,3.55,0.10,0.92,-195,3.96,0.21,1.22,-195,4.25,0.03,1.04,-195
1,3.5,0,0.69,-205,3.55,0.10,0.92,-205,3.96,0.21,1.22,-205,4.25,0.03,1.04,-205
1,3.5,0,0.69,-215,3.55,0.10,0.92,-215,3.96,0.21,1.22,-215,4.25,0.03,1.04,-215
1,3.5,0,0.69,-225,3.55,0.10,0.92,-225,3.96,0.21,1.22,-225,4.25,0.03,1.04,-225
1,3.5,0,0.69,-235,3.55,0.10,0.92,-235,3.96,0.21,1.22,-235,4.25,0.03,1.04,-235
1,3.5,0,0.69,-245,3.55,0.10,0.92,-245,3.96,0.21,1.22,-245,4.25,0.03,1.04,-245
1,3.5,0,0.69,-255,3.55,0.10,0.92,-255,3.96,0.21,1.22,-255,4.25,0.03,1.04,-255
1,3.5,0,0.69,-265,3.55,0.10,0.92,-265,3.96,0.21,1.22,-265,4.25,0.03,1.04,-265
1,3.5,0,0.69,-275,3.55,0.10,0.92,-275,3.96,0.21,1.22,-275,4.25,0.03,1.04,-275
1,3.5,0,0.69,-285,3.55,0.10,0.92,-285,3.96,0.21,1.22,-285,4.25,0.03,1.04,-285
1,3.5,0,0.69,-295,3.55,0.10,0.92,-295,3.96,0.21,1.22,-295,4.25,0.03,1.04,-295
1,3.5,0,0.69,-305,3.55,0.10,0.92,-305,3.96,0.21,1.22,-305,4.25,0.03,1.04,-305
1,3.5,0,0.69,-315,3.55,0.10,0.92,-315,3.96,0.21,1.22,-315,4.25,0.03,1.04,-315
1,3.5,0,0.69,-325,3.55,0.10,0.92,-325,3.96,0.21,1.22,-325,4.25,0.03,1.04,-325
1,3.5,0,0.69,-335,3.55,0.10,0.92,-335,3.96,0.21,1.22,-335,4.25,0.03,1.04,-335
1,3.5,0,0.69,-345,3.55,0.10,0.92,-345,3.96,0.21,1.22,-345,4.25,0.03,1.04,-345
1,3.5,0,0.69,-355,3.55,0.10,0.92,-355,3.96,0.21,1.22,-355,4.25,0.03,1.04,-355
1,4.5,0,0.89,-5,4.55,0.10,1.10,-5,5.06,0.21,1.40,-5,5.46,0.03,1.24,-5
1,4.5,0,0.89,-15,4.55,0.10,1.10,-15,5.06,0.21,1.40,-15,5.46,0.03,1.24,-15
1,4.5,0,0.89,-25,4.55,0.10,1.10,-25,5.06,0.21,1.40,-25,5.46,0.03,1.24,-25
1,4.5,0,0.89,-35,4.55,0.10,1.10,-35,5.06,0.21,1.40,-35,5.46,0.03,1.24,-35
1,4.5,0,0.89,-45,4.55,0.10,1.10,-45,5.06,0.21,1.40,-45,5.46,0.03,1.24,-45
1,4.5,0,0.89,-55,4.55,0.10,1.10,-55,5.06,0.21,1.40,-55,5.46,0.03,1.24,-55
1,4.5,0,0.89,-65,4.55,0.10,1.10,-65,5.06,0.21,1.40,-65,5.46,0.03,1.24,-65
1,4.5,0,0.89,-75,4.55,0.10,1.10,-75,5.06,0.21,1.40,-75,5.46,0.03,1.24,-75
1,4.5,0,0.89,-85,4.55,0.10,1.10,-85,5.06,0.21,1.40,-85,5.46,0.03,1.24,-85
1,4.5,0,0.89,-95,4.55,0.10,1.10,-95,5.06,0.21,1.40,-95,5.46,0.03,1.24,-95
1,4.5,0,0.89,-105,4.55,0.10,1.10,-105,5.06,0.21,1.40,-105,5.46,0.03,1.24,-105
1,4.5,0,0.89,-115,4.55,0.10,1.10,-115,5.06,0.21,1.40,-115,5.46,0.03,1.24,-115
1,4.5,0,0.89,-125,4.55,0.10,1.10,-125,5.06,0.21,1.40,-125,5.46,0.03,1.24,-125
1,4.5,0,0.89,-135,4.55,0.10,1.10,-135,5.06,0.21,1.40,-135,5.46,0.03,1.24,-135
1,4.5,0,0.89,-145,4.55,0.10,1.10,-145,5.06,0.21,1.40,-145,5.46,0.03,1.24,-145
1,4.5,0,0.89,-155,4.55,0.10,1.10,-155,5.06,0.21,1.40,-155,5.46,0.03,1.24,-155
1,4.5,0,0.89,-165,4.55,0.10,1.10,-165,5.06,0.21,1.40,-165,5.46,0.03,1.24,-165
1,4.5,0,0.89,-175,4.55,0.10,1.10,-175,5.06,0.21,1.40,-175,5.46,0.03,1.24,-175
1,4.5,0,0.89,-185,4.55,0.10,1.10,-185,5.06,0.21,1.40,-185,5.46,0.03,1.24,-185
1,4.5,0,0.89,-195,4.55,0.10,1.10,-195,5.06,0.21,1.40,-195,5.46,0.03,1.24,-195
1,4.5,0,0.89,-205,4.55,0.10,1.10,-205,5.06,0.21,1.40,-205,5.46,0.03,1.24,-205
1,4.5,0,0.89,-215,4.55,0.10,1.10,-215,5.06,0.21,1.40,-215,5.46,0.03,1.24,-215
1,4.5,0,0.89,-225,4.55,0.10,1.10,-225,5.06,0.21,1.40,-225,5.46,0.03,1.24,-225
1,4.5,0,0.89,-235,4.55,0.10,1.10,-235,5.06,0.21,1.40,-235,5.46,0.03,1.24,-235
1,4.5,0,0.89,-245,4.55,0.10,1.10,-245,5.06,0.21,1.40,-245,5.46,0.03,1.24,-245
1,4.5,0,0.89,-255,4.55,0.10,1.10,-255,5.06,0.21,1.40,-255,5.46,0.03,1.24,-255
1,4.5,0,0.89,-265,4.55,0.10,1.10,-265,5.06,0.21,1.40,-265,5.46,0.03,1.24,-265
1,4.5,0,0.89,-275,4.55,0.10,1.10,-275,5.06,0.21,1.40,-275,5.46,0.03,1.24,-275
1,4.5,0,0.89,-285,4.55,0.10,1.10,-285,5.06,0.21,1.40,-285,5.46,0.03,1.24,-285
1,4.5,0,0.89,-295,4.55,0.10,1.10,-295,5.06,0.21,1.40,-295,5.46,0.03,1.24,-295
1,4.5,0,0.89,-305,4.55,0.10,1.10,-305,5.06,0.21,1.40,-305,5.46,0.03,1.24,-305
1,4.5,0,0.89,-315,4.55,0.10,1.10,-315,5.06,0.21,1.40,-315,5.46,0.03,1.24,-315
1,4.5,0,0.89,-325,4.55,0.10,1.10,-325,5.06,0.21,1.40,-325,5.46,0.03,1.24,-325
1,4.5,0,0.89,-335,4.55,0.10,1.10,-335,5.06,0.21,1.40,-335,5.46,0.03,1.24,-335
1,4.5,0,0.89,-345,4.55,0.10,1.10,-345,5.06,0.21,1.40,-345,5.46,0.03,1.24,-345
1,4.5,0,0.89,-355,4.55,0.10,1.10,-355,5.06,0.21,1.40,-355,5.46,0.03,1.24,-355
1,8,0,1.59,-5,8.05,0.10,1.73,-5,8.91,0.21,2.03,-5,9.70,0.03,1.93,-5
1,8,0,1.59,-15,8.05,0.10,1.73,-15,8.91,0.21,2.03,-15,9.70,0.03,1.93,-15
1,8,0,1.59,-25,8.05,0.10,1.73,-25,8.91,0.21,2.03,-25,9.70,0.03,1.93,-25
1,8,0,1.59,-35,8.05,0.10,1.73,-35,8.91,0.21,2.03,-35,9.70,0.03,1.93,-35
1,8,0,1.59,-45,8.05,0.10,1.73,-45,8.91,0.21,2.03,-45,9.70,0.03,1.93,-45
1,8,0,1.59,-55,8.05,0.10,1.73,-55,8.91,0.21,2.03,-55,9.70,0.03,1.93,-55
1,8,0,1.59,-65,8.05,0.10,1.73,-65,8.91,0.21,2.03,-65,9.70,0.03,1.93,-65
1,8,0,1.59,-75,8.05,0.10,1.73,-75,8.91,0.21,2.03,-75,9.70,0.03,1.93,-75
1,8,0,1.59,-85,8.05,0.10,1.73,-85,8.91,0.21,2.03,-85,9.70,0.03,1.93,-85
1,8,0,1.59,-95,8.05,0.10,1.73,-95,8.91,0.21,2.03,-95,9.70,0.03,1.93,-95
1,8,0,1.59,-105,8.05,0.10,1.73,-105,8.91,0.21,2.03,-105,9.70,0.03,1.93,-105
1,8,0,1.59,-115,8.05,0.10,1.73,-115,8.91,0.21,2.03,-115,9.70,0.03,1.93,-115
1,8,0,1.59,-125,8.05,0.10,1.73,-125,8.91,0.21,2.03,-125,9.70,0.03,1.93,-125
1,8,0,1.59,-135,8.05,0.10,1.73,-135,8.91,0.21,2.03,-135,9.70,0.03,1.93,-135
1,8,0,1.59,-145,8.05,0.10,1.73,-145,8.91,0.21,2.03,-145,9.70,0.03,1.93,-145
1,8,0,1.59,-155,8.05,0.10,1.73,-155,8.91,0.21,2.03,-155,9.70,0.03,1.93,-155
1,8,0,1.59,-165,8.05,0.10,1.73,-165,8.91,0.21,2.03,-165,9.70,0.03,1.93,-165
1,8,0,1.59,-175,8.05,0.10,1.73,-175,8.91,0.21,2.03,-175,9.70,0.03,1.93,-175
1,8,0,1.59,-185,8.05,0.10,1.73,-185,8.91,0.21,2.03,-185,9.70,0.03,1.93,-185
1,8,0,1.59,-195,8.05,0.10,1.73,-195,8.91,0.21,2.03,-195,9.70,0.03,1.93,-195
1,8,0,1.59,-205,8.05,0.10,1.73,-205,8.91,0.21,2.03,-205,9.70,0.03,1.93,-205
1,8,0,1.59,-215,8.05,0.10,1.73,-215,8.91,0.21,2.03,-215,9.70,0.03,1.93,-215
1,8,0,1.59,-225,8.05,0.10,1.73,-225,8.91,0.21,2.03,-225,9.70,0.03,1.93,-225
1,8,0,1.59,-235,8.05,0.10,1.73,-235,8.91,0.21,2.03,-235,9.70,0.03,1.93,-235
1,8,0,1.59,-245,8.05,0.10,1.73,-245,8.91,0.21,2.03,-245,9.70,0.03,1.93,-245
1,8,0,1.59,-255,8.05,0.10,1.73,-255,8.91,0.21,2.03,-255,9.70,0.03,1.93,-255
1,8,0,1.59,-265,8.05,0.10,1.73,-265,8.91,0.21,2.03,-265,9.70,0.03,1.93,-265
1,8,0,1.59,-275,8.05,0.10,1.73,-275,8.91,0.21,2.03,-275,9.70,0.03,1.93,-275
1,8,0,1.59,-285,8.05,0.10,1.73,-285,8.91,0.21,2.03,-285,9.70,0.03,1.93,-285
1,8,0,1.59,-295,8.05,0.10,1.73,-295,8.91,0.21,2.03,-295,9.70,0.03,1.93,-295
1,8,0,1.59,-305,8.05,0.10,1.73,-305,8.91,0.21,2.03,-305,9.70,0.03,1.93,-305
1,8,0,1.59,-315,8.05,0.10,1.73,-315,8.91,0.21,2.03,-315,9.70,0.03,1.93,-315
1,8,0,1.59,-325,8.05,0.10,1.73,-325,8.91,0.21,2.03,-325,9.70,0.03,1.93,-325
1,8,0,1.59,-335,8.05,0.10,1.73,-335,8.91,0.21,2.03,-335,9.70,0.03,1.93,-335
1,8,0,1.59,-345,8.05,0.10,1.73,-345,8.91,0.21,2.03,-345,9.70,0.03,1.93,-345
1,8,0,1.59,-355,8.05,0.10,1.73,-355,8.91,0.21,2.03,-355,9.70,0.03,1.93,-355
1,0.5,0,0.21,-5,0.55,0.10,0.49,-5,0.66,0.21,0.79,-5,0.62,0.03,0.57,-5
1,0.5,0,0.21,-15,0.55,0.10,0.49,-15,0.66,0.21,0.79,-15,0.62,0.03,0.57,-15
1,0.5,0,0.21,-25,0.55,0.10,0.49,-25,0.66,0.21,0.79,-25,0.62,0.03,0.57,-25
1,0.5,0,0.21,-35,0.55,0.10,0.49,-35,0.66,0.21,0.79,-35,0.62,0.03,0.57,-35
1,0.5,0,0.21,-45,0.55,0.10,0.49,-45,0.66,0.21,0.79,-45,0.62,0.03,0.57,-45
1,0.5,0,0.21,-55,0.55,0.10,0.49,-55,0.66,0.21,0.79,-55,0.62,0.03,0.57,-55
1,0.5,0,0.21,-65,0.55,0.10,0.49,-65,0.66,0.21,0.79,-65,0.62,0.03,0.57,-65
1,0.5,0,0.21,-75,0.55,0.10,0.49,-75,0.66,0.21,0.79,-75,0.62,0.03,0.57,-75
1,0.5,0,0.21,-85,0.55,0.10,0.49,-85,0.66,0.21,0.79,-85,0.62,0.03,0.57,-85
0,0.5,0,0.21,-95,0.55,0.10,0.49,-95,0.66,0.21,0.79,-95,0.62,0.03,0.57,-95
0,0.5,0,0.21,-105,0.55,0.10,0.49,-105,0.66,0.21,0.79,-105,0.62,0.03,0.57,-105
0,0.5,0,0.21,-115,0.55,0.10,0.49,-115,0.66,0.21,0.79,-115,0.62,0.03,0.57,-115
0,0.5,0,0.21,-125,0.55,0.10,0.49,-125,0.66,0.21,0.79,-125,0.62,0.03,0.57,-125
0,0.5,0,0.21,-135,0.55,0.10,0.49,-135,0.66,0.21,0.79,-135,0.62,0.03,0.57,-135
0,0.5,0,0.21,-145,0.55,0.10,0.49,-145,0.66,0.21,0.79,-145,0.62,0.03,0.57,-145
0,0.5,0,0.21,-155,0.55,0.10,0.49,-155,0.66,0.21,0.79,-155,0.62,0.03,0.57,-155
0,0.5,0,0.21,-165,0.55,0.10,0.49,-165,0.66,0.21,0.79,-165,0.62,0.03,0.57,-165
0,0.5,0,0.21,-175,0.55,0.10,0.49,-175,0.66,0.21,0.79,-175,0.62,0.03,0.57,-175
0,0.5,0,0.21,-185,0.55,0.10,0.49,-185,0.66,0.21,0.79,-185,0.62,0.03,0.57,-185
0,0.5,0,0.21,-195,0.55,0.10,0.49,-195,0.66,0.21,0.79,-195,0.62,0.03,0.57,-195
0,0.5,0,0.21,-205,0.55,0.10,0.49,-205,0.66,0.21,0.79,-205,0.62,0.03,0.57,-205
0,0.5,0,0.21,-215,0.55,0.10,0.49,-215,0.66,0.21,0.79,-215,0.62,0.03,0.57,-215
0,0.5,0,0.21,-225,0.55,0.10,0.49,-225,0.66,0.21,0.79,-225,0.62,0.03,0.57,-225
0,0.5,0,0.21,-235,0.55,0.10,0.49,-235,0.66,0.21,0.79,-235,0.62,0.03,0.57,-235
0,0.5,0,0.21,-245,0.55,0.10,0.49,-245,0.66,0.21,0.79,-245,0.62,0.03,0.57,-245
0,0.5,0,0.21,-255,0.55,0.10,0.49,-255,0.66,0.21,0.79,-255,0.62,0.03,0.57,-255
0,0.5,0,0.21,-265,0.55,0.10,0.49,-265,0.66,0.21,0.79,-265,0.62,0.03,0.57,-265
1,0.5,0,0.21,-275,0.55,0.10,0.49,-275,0.66,0.21,0.79,-275,0.62,0.03,0.57,-275
1,0.5,0,0.21,-285,0.55,0.10,0.49,-285,0.66,0.21,0.79,-285,0.62,0.03,0.57,-285
1,0.5,0,0.21,-295,0.55,0.10,0.49,-295,0.66,0.21,0.79,-295,0.62,0.03,0.57,-295
1,0.5,0,0.21,-305,0.55,0.10,0.49,-305,0.66,0.21,0.79,-305,0.62,0.03,0.57,-305
1,0.5,0,0.21,-315,0.55,0.10,0.49,-315,0.66,0.21,0.79,-315,0.62,0.03,0.57,-315
1,0.5,0,0.21,-325,0.55,0.10,0.49,-325,0.66,0.21,0.79,-325,0.62,0.03,0.57,-325
1,0.5,0,0.21,-335,0.55,0.10,0.49,-335,0.66,0.21,0.79,-335,0.62,0.03,0.57,-335
1,0.5,0,0.21,-345,0.55,0.10,0.49,-345,0.66,0.21,0.79,-345,0.62,0.03,0.57,-345
1,0.5,0,0.21,-355,0.55,0.10,0.49,-355,0.66,0.21,0.79,-355,0.62,0.03,0.57,-355
1,1.5,0,0.31,-5,1.55,0.10,0.58,-5,1.76,0.21,0.88,-5,1.83,0.03,0.67,-5
1,1.5,0,0.31,-15,1.55,0.10,0.58,-15,1.76,0.21,0.88,-15,1.83,0.03,0.67,-15
1,1.5,0,0.31,-25,1.55,0.10,0.58,-25,1.76,0.21,0.88,-25,1.83,0.03,0.67,-25
1,1.5,0,0.31,-35,1.55,0.10,0.58,-35,1.76,0.21,0.88,-35,1.83,0.03,0.67,-35
1,1.5,0,0.31,-45,1.55,0.10,0.58,-45,1.76,0.21,0.88,-45,1.83,0.03,0.67,-45
1,1.5,0,0.31,-55,1.55,0.10,0.58,-55,1.76,0.21,0.88,-55,1.83,0.03,0.67,-55
1,1.5,0,0.31,-65,1.55,0.10,0.58,-65,1.76,0.21,0.88,-65,1.83,0.03,0.67,-65
1,1.5,0,0.31,-75,1.55,0.10,0.58,-75,1.76,0.21,0.88,-75,1.83,0.03,0.67,-75
1,1.5,0,0.31,-85,1.55,0.10,0.58,-85,1.76,0.21,0.88,-85,1.83,0.03,0.67,-85
0,1.5,0,0.31,-95,1.55,0.10,0.58,-95,1.76,0.21,0.88,-95,1.83,0.03,0.67,-95
0,1.5,0,0.31,-105,1.55,0.10,0.58,-105,1.76,0.21,0.88,-105,1.83,0.03,0.67,-105
0,1.5,0,0.31,-115,1.55,0.10,0.58,-115,1.76,0.21,0.88,-115,1.83,0.03,0.67,-115
0,1.5,0,0.31,-125,1.55,0.10,0.58,-125,1.76,0.21,0.88,-125,1.83,0.03,0.67,-125
0,1.5,0,0.31,-135,1.55,0.10,0.58,-135,1.76,0.21,0.88,-135,1.83,0.03,0.67,-135
0,1.5,0,0.31,-145,1.55,0.10,0.58,-145,1.76,0.21,0.88,-145,1.83,0.03,0.67,-145
0,1.5,0,0.31,-155,1.55,0.10,0.58,-155,1.76,0.21,0.88,-155,1.83,0.03,0.67,-155
0,1.5,0,0.31,-165,1.55,0.10,0.58,-165,1.76,0.21,0.88,-165,1.83,0.03,0.67,-165
0,1.5,0,0.31,-175,1.55,0.10,0.58,-175,1.76,0.21,0.88,-175,1.83,0.03,0.67,-175
0,1.5,0,0.31,-185,1.55,0.10,0.58,-185,1.76,0.21,0.88,-185,1.83,0.03,0.67,-185
0,1.5,0,0.31,-195,1.55,0.10,0.58,-195,1.76,0.21,0.88,-195,1.83,0.03,0.67,-195
0,1.5,0,0.31,-205,1.55,0.10,0.58,-205,1.76,0.21,0.88,-205,1.83,0.03,0.67,-205
0,1.5,0,0.31,-215,1.55,0.10,0.58,-215,1.76,0.21,0.88,-215,1.83,0.03,0.67,-215
0,1.5,0,0.31,-225,1.55,0.10,0.58,-225,1.76,0.21,0.88,-225,1.83,0.03,0.67,-225
0,1.5,0,0.31,-235,1.55,0.10,0.58,-235,1.76,0.21,0.88,-235,1.83,0.03,0.67,-235
0,1.5,0,0.31,-245,1.55,0.10,0.58,-245,1.76,0.21,0.88,-245,1.83,0.03,0.67,-245
0,1.5,0,0.31,-255,1.55,0.10,0.58,-255,1.76,0.21,0.88,-255,1.83,0.03,0.67,-255
0,1.5,0,0.31,-265,1.55,0.10,0.58,-265,1.76,0.21,0.88,-265,1.83,0.03,0.67,-265
1,1.5,0,0.31,-275,1.55,0.10,0.58,-275,1.76,0.21,0.88,-275,1.83,0.03,0.67,-275
1,1.5,0,0.31,-285,1.55,0.10,0.58,-285,1.76,0.21,0.88,-285,1.83,0.03,0.67,-285
1,1.5,0,0.31,-295,1.55,0.10,0.58,-295,1.76,0.21,0.88,-295,1.83,0.03,0.67,-295
1,1.5,0,0.31,-305,1.55,0.10,0.58,-305,1.76,0.21,0.88,-305,1.83,0.03,0.67,-305
1,1.5,0,0.31,-315,1.55,0.10,0.58,-315,1.76,0.21,0.88,-315,1.83,0.03,0.67,-315
1,1.5,0,0.31,-325,1.55,0.10,0.58,-325,1.76,0.21,0.88,-325,1.83,0.03,0.67,-325
1,1.5,0,0.31,-335,1.55,0.10,0.58,-335,1.76,0.21,0.88,-335,1.83,0.03,0.67,-335
1,1.5,0,0.31,-345,1.55,0.10,0.58,-345,1.76,0.21,0.88,-345,1.83,0.03,0.67,-345
1,1.5,0,0.31,-355,1.55,0.10,0.58,-355,1.76,0.21,0.88,-355,1.83,0.03,0.67,-355
1,2.5,0,0.51,-5,2.55,0.10,0.76,-5,2.86,0.21,1.06,-5,3.04,0.03,0.86,-5
1,2.5,0,0.51,-15,2.55,0.10,0.76,-15,2.86,0.21,1.06,-15,3.04,0.03,0.86,-15
1,2.5,0,0.51,-25,2.55,0.10,0.76,-25,2.86,0.21,1.06,-25,3.04,0.03,0.86,-25
1,2.5,0,0.51,-35,2.55,0.10,0.76,-35,2.86,0.21,1.06,-35,3.04,0.03,0.86,-35
1,2.5,0,0.51,-45,2.55,0.10,0.76,-45,2.86,0.21,1.06,-45,3.04,0.03,0.86,-45
1,2.5,0,0.51,-55,2.55,0.10,0.76,-55,2.86,0.21,1.06,-55,3.04,0.03,0.86,-55
1,2.5,0,0.51,-65,2.55,0.10,0.76,-65,2.86,0.21,1.06,-65,3.04,0.03,0.86,-65
1,2.5,0,0.51,-75,2.55,0.10,0.76,-75,2.86,0.21,1.06,-75,3.04,0.03,0.86,-75
1,2.5,0,0.51,-85,2.55,0.10,0.76,-85,2.86,0.21,1.06,-85,3.04,0.03,0.86,-85
0,2.5,0,0.51,-95,2.55,0.10,0.76,-95,2.86,0.21,1.06,-95,3.04,0.03,0.86,-95
0,2.5,0,0.51,-105,2.55,0.10,0.76,-105,2.86,0.21,1.06,-105,3.04,0.03,0.86,-105
0,2.5,0,0.51,-115,2.55,0.10,0.76,-115,2.86,0.21,1.06,-115,3.04,0.03,0.86,-115
0,2.5,0,0.51,-125,2.55,0.10,0.76,-125,2.86,0.21,1.06,-125,3.04,0.03,0.86,-125
0,2.5,0,0.51,-135,2.55,0.10,0.76,-135,2.86,0.21,1.06,-135,3.04,0.03,0.86,-135
0,2.5,0,0.51,-145,2.55,0.10,0.76,-145,2.86,0.21,1.06,-145,3.04,0.03,0.86,-145
0,2.5,0,0.51,-155,2.55,0.10,0.76,-155,2.86,0.21,1.06,-155,3.04,0.03,0.86,-155
0,2.5,0,0.51,-165,2.55,0.10,0.76,-165,2.86,0.21,1.06,-165,3.04,0.03,0.86,-165
0,2.5,0,0.51,-175,2.55,0.10,0.76,-175,2.86,0.21,1.06,-175,3.04,0.03,0.86,-175
0,2.5,0,0.51,-185,2.55,0.10,0.76,-185,2.86,0.21,1.06,-185,3.04,0.03,0.86,-185
0,2.5,0,0.51,-195,2.55,0.10,0.76,-195,2.86,0.21,1.06,-195,3.04,0.03,0.86,-195
0,2.5,0,0.51,-205,2.55,0.10,0.76,-205,2.86,0.21,1.06,-205,3.04,0.03,0.86,-205
0,2.5,0,0.51,-215,2.55,0.10,0.76,-215,2.86,0.21,1.06,-215,3.04,0.03,0.86,-215
0,2.5,0,0.51,-225,2.55,0.10,0.76,-225,2.86,0.21,1.06,-225,3.04,0.03,0.86,-225
0,2.5,0,0.51,-235,2.55,0.10,0.76,-235,2.86,0.21,1.06,-235,3.04,0.03,0.86,-235
0,2.5,0,0.51,-245,2.55,0.10,0.76,-245,2.86,0.21,1.06,-245,3.04,0.03,0.86,-245
0,2.5,0,0.51,-255,2.55,0.10,0.76,-255,2.86,0.21,1.06,-255,3.04,0.03,0.86,-255
0,2.5,0,0.51,-265,2.55,0.10,0.76,-265,2.86,0.21,1.06,-265,3.04,0.03,0.86,-265
1,2.5,0,0.51,-275,2.55,0.10,0.76,-275,2.86,0.21,1.06,-275,3.04,0.03,0.86,-275
1,2.5,0,0.51,-285,2.55,0.10,0.76,-285,2.86,0.21,1.06,-285,3.04,0.03,0.86,-285
1,2.5,0,0.51,-295,2.55,0.10,0.76,-295,2.86,0.21,1.06,-295,3.04,0.03,0.86,-295
1,2.5,0,0.51,-305,2.55,0.10,0.76,-305,2.86,0.21,1.06,-305,3.04,0.03,0.86,-305
1,2.5,0,0.51,-315,2.55,0.10,0.76,-315,2.86,0.21,1.06,-315,3.04,0.03,0.86,-315
1,2.5,0,0.51,-325,2.55,0.10,0.76,-325,2.86,0.21,1.06,-325,3.04,0.03,0.86,-325
1,2.5,0,0.51,-335,2.55,0.10,0.76,-335,2.86,0.21,1.06,-335,3.04,0.03,0.86,-335
1,2.5,0,0.51,-345,2.55,0.10,0.76,-345,2.86,0.21,1.06,-345,3.04,0.03,0.86,-345
1,2.5,0,0.51,-355,2.55,0.10,0.76,-355,2.86,0.21,1.06,-355,3.04,0.03,0.86,-355
1,3.5,0,0.71,-5,3.55,0.10,0.94,-5,3.96,0.21,1.24,-5,4.25,0.03,1.06,-5
1,3.5,0,0.71,-15,3.55,0.10,0.94,-15,3.96,0.21,1.24,-15,4.25,0.03,1.06,-15
1,3.5,0,0.71,-25,3.55,0.10,0.94,-25,3.96,0.21,1.24,-25,4.25,0.03,1.06,-25
1,3.5,0,0.71,-35,3.55,0.10,0.94,-35,3.96,0.21,1.24,-35,4.25,0.03,1.06,-35
1,3.5,0,0.71,-45,3.55,0.10,0.94,-45,3.96,0.21,1.24,-45,4.25,0.03,1.06,-45
1,3.5,0,0.71,-55,3.55,0.10,0.94,-55,3.96,0.21,1.24,-55,4.25,0.03,1.06,-55
1,3.5,0,0.71,-65,3.55,0.10,0.94,-65,3.96,0.21,1.24,-65,4.25,0.03,1.06,-65
1,3.5,0,0.71,-75,3.55,0.10,0.94,-75,3.96,0.21,1.24,-75,4.25,0.03,1.06,-75
1,3.5,0,0.71,-85,3.55,0.10,0.94,-85,3.96,0.21,1.24,-85,4.25,0.03,1.06,-85
0,3.5,0,0.71,-95,3.55,0.10,0.94,-95,3.96,0.21,1.24,-95,4.25,0.03,1.06,-95
0,3.5,0,0.71,-105,3.55,0.10,0.94,-105,3.96,0.21,1.24,-105,4.25,0.03,1.06,-105
0,3.5,0,0.71,-115,3.55,0.10,0.94,-115,3.96,0.21,1.24,-115,4.25,0.03,1.06,-115
0,3.5,0,0.71,-125,3.55,0.10,0.94,-125,3.96,0.21,1.24,-125,4.25,0.03,1.06,-125
0,3.5,0,0.71,-135,3.55,0.10,0.94,-135,3.96,0.21,1.24,-135,4.25,0.03,1.06,-135
0,3.5,0,0.71,-145,3.55,0.10,0.94,-145,3.96,0.21,1.24,-145,4.25,0.03,1.06,-145
0,3.5,0,0.71,-155,3.55,0.10,0.94,-155,3.96,0.21,1.24,-155,4.25,0.03,1.06,-155
0,3.5,0,0.71,-165,3.55,0.10,0.94,-165,3.96,0.21,1.24,-165,4.25,0.03,1.06,-165
0,3.5,0,0.71,-175,3.55,0.10,0.94,-175,3.96,0.21,1.24,-175,4.25,0.03,1.06,-175
0,3.5,0,0.71,-185,3.55,0.10,0.94,-185,3.96,0.21,1.24,-185,4.25,0.03,1.06,-185
0,3.5,0,0.71,-195,3.55,0.10,0.94,-195,3.96,0.21,1.24,-195,4.25,0.03,1.06,-195
0,3.5,0,0.71,-205,3.55,0.10,0.94,-205,3.96,0.21,1.24,-205,4.25,0.03,1.06,-205
0,3.5,0,0.71,-215,3.55,0.10,0.94,-215,3.96,0.21,1.24,-215,4.25,0.03,1.06,-215
0,3.5,0,0.71,-225,3.55,0.10,0.94,-225,3.96,0.21,1.24,-225,4.25,0.03,1.06,-225
0,3.5,0,0.71,-235,3.55,0.10,0.94,-235,3.96,0.21,1.24,-235,4.25,0.03,1.06,-235
0,3.5,0,0.71,-245,3.55,0.10,0.94,-245,3.96,0.21,1.24,-245,4.25,0.03,1.06,-245
0,3.5,0,0.71,-255,3.55,0.10,0.94,-255,3.96,0.21,1.24,-255,4.25,0.03,1.06,-255
0,3.5,0,0.71,-265,3.55,0.10,0.94,-265,3.96,0.21,1.24,-265,4.25,0.03,1.06,-265
1,3.5,0,0.71,-275,3.55,0.10,0.94,-275,3.96,0.21,1.24,-275,4.25,0.03,1.06,-275
1,3.5,0,0.71,-285,3.55,0.10,0.94,-285,3.96,0.21,1.24,-285,4.25,0.03,1.06,-285
1,3.5,0,0.71,-295,3.55,0.10,0.94,-295,3.96,0.21,1.24,-295,4.25,0.03,1.06,-295
1,3.5,0,0.71,-305,3.55,0.10,0.94,-305,3.96,0.21,1.24,-305,4.25,0.03,1.06,-305
1,3.5,0,0.71,-315,3.55,0.10,0.94,-315,3.96,0.21,1.24,-315,4.25,0.03,1.06,-315
1,3.5,0,0.71,-325,3.55,0.10,0.94,-325,3.96,0.21,1.24,-325,4.25,0.03,1.06,-325
1,3.5,0,0.71,-335,3.55,0.10,0.94,-335,3.96,0.21,1.24,-335,4.25,0.03,1.06,-335
1,3.5,0,0.71,-345,3.55,0.10,0.94,-345,3.96,0.21,1.24,-345,4.25,0.03,1.06,-345
1,3.5,0,0.71,-355,3.55,0.10,0.94,-355,3.96,0.21,1.24,-355,4.25,0.03,1.06,-355
1,4.5,0,0.91,-5,4.55,0.10,1.12,-5,5.06,0.21,1.42,-5,5.46,0.03,1.26,-5
1,4.5,0,0.91,-15,4.55,0.10,1.12,-15,5.06,0.21,1.42,-15,5.46,0.03,1.26,-15
1,4.5,0,0.91,-25,4.55,0.10,1.12,-25,5.06,0.21,1.42,-25,5.46,0.03,1.26,-25
1,4.5,0,0.91,-35,4.55,0.10,1.12,-35,5.06,0.21,1.42,-35,5.46,0.03,1.26,-35
1,4.5,0,0.91,-45,4.55,0.10,1.12,-45,5.06,0.21,1.42,-45,5.46,0.03,1.26,-45
1,4.5,0,0.91,-55,4.55,0.10,1.12,-55,5.06,0.21,1.42,-55,5.46,0.03,1.26,-55
1,4.5,0,0.91,-65,4.55,0.10,1.12,-65,5.06,0.21,1.42,-65,5.46,0.03,1.26,-65
1,4.5,0,0.91,-75,4.55,0.10,1.12,-75,5.06,0.21,1.42,-75,5.46,0.03,1.26,-75
1,4.5,0,0.91,-85,4.55,0.10,1.12,-85,5.06,0.21,1.42,-85,5.46,0.03,1.26,-85
0,4.5,0,0.91,-95,4.55,0.10,1.12,-95,5.06,0.21,1.42,-95,5.46,0.03,1.26,-95
0,4.5,0,0.91,-105,4.55,0.10,1.12,-105,5.06,0.21,1.42,-105,5.46,0.03,1.26,-105
0,4.5,0,0.91,-115,4.55,0.10,1.12,-115,5.06,0.21,1.42,-115,5.46,0.03,1.26,-115
0,4.5,0,0.91,-125,4.55,0.10,1.12,-125,5.06,0.21,1.42,-125,5.46,0.03,1.26,-125
0,4.5,0,0.91,-135,4.55,0.10,1.12,-135,5.06,0.21,1.42,-135,5.46,0.03,1.26,-135
0,4.5,0,0.91,-145,4.55,0.10,1.12,-145,5.06,0.21,1.42,-145,5.46,0.03,1.26,-145
0,4.5,0,0.91,-155,4.55,0.10,1.12,-155,5.06,0.21,1.42,-155,5.46,0.03,1.26,-155
0,4.5,0,0.91,-165,4.55,0.10,1.12,-165,5.06,0.21,1.42,-165,5.46,0.03,1.26,-165
0,4.5,0,0.91,-175,4.55,0.10,1.12,-175,5.06,0.21,1.42,-175,5.46,0.03,1.26,-175
0,4.5,0,0.91,-185,4.55,0.10,1.12,-185,5.06,0.21,1.42,-185,5.46,0.03,1.26,-185
0,4.5,0,0.91,-195,4.55,0.10,1.12,-195,5.06,0.21,1.42,-195,5.46,0.03,1.26,-195
0,4.5,0,0.91,-205,4.55,0.10,1.12,-205,5.06,0.21,1.42,-205,5.46,0.03,1.26,-205
0,4.5,0,0.91,-215,4.55,0.10,1.12,-215,5.06,0.21,1.42,-215,5.46,0.03,1.26,-215
0,4.5,0,0.91,-225,4.55,0.10,1.12,-225,5.06,0.21,1.42,-225,5.46,0.03,1.26,-225
0,4.5,0,0.91,-235,4.55,0.10,1.12,-235,5.06,0.21,1.42,-235,5.46,0.03,1.26,-235
0,4.5,0,0.91,-245,4.55,0.10,1.12,-245,5.06,0.21,1.42,-245,5.46,0.03,1.26,-245
0,4.5,0,0.91,-255,4.55,0.10,1.12,-255,5.06,0.21,1.42,-255,5.46,0.03,1.26,-255
0,4.5,0,0.91,-265,4.55,0.10,1.12,-265,5.06,0.21,1.42,-265,5.46,0.03,1.26,-265
1,4.5,0,0.91,-275,4.55,0.10,1.12,-275,5.06,0.21,1.42,-275,5.46,0.03,1.26,-275
1,4.5,0,0.91,-285,4.55,0.10,1.12,-285,5.06,0.21,1.42,-285,5.46,0.03,1.26,-285
1,4.5,0,0.91,-295,4.55,0.10,1.12,-295,5.06,0.21,1.42,-295,5.46,0.03,1.26,-295
1,4.5,0,0.91,-305,4.55,0.10,1.12,-305,5.06,0.21,1.42,-305,5.46,0.03,1.26,-305
1,4.5,0,0.91,-315,4.55,0.10,1.12,-315,5.06,0.21,1.42,-315,5.46,0.03,1.26,-315
1,4.5,0,0.91,-325,4.55,0.10,1.12,-325,5.06,0.21,1.42,-325,5.46,0.03,1.26,-325
1,4.5,0,0.91,-335,4.55,0.10,1.12,-335,5.06,0.21,1.42,-335,5.46,0.03,1.26,-335
1,4.5,0,0.91,-345,4.55,0.10,1.12,-345,5.06,0.21,1.42,-345,5.46,0.03,1.26,-345
1,4.5,0,0.91,-355,4.55,0.10,1.12,-355,5.06,0.21,1.42,-355,5.46,0.03,1.26,-355
1,8,0,1.61,-5,8.05,0.10,1.75,-5,8.91,0.21,2.05,-5,9.70,0.03,1.95,-5
1,8,0,1.61,-15,8.05,0.10,1.75,-15,8.91,0.21,2.05,-15,9.70,0.03,1.95,-15
1,8,0,1.61,-25,8.05,0.10,1.75,-25,8.91,0.21,2.05,-25,9.70,0.03,1.95,-25
1,8,0,1.61,-35,8.05,0.10,1.75,-35,8.91,0.21,2.05,-35,9.70,0.03,1.95,-35
1,8,0,1.61,-45,8.05,0.10,1.75,-45,8.91,0.21,2.05,-45,9.70,0.03,1.95,-45
1,8,0,1.61,-55,8.05,0.10,1.75,-55,8.91,0.21,2.05,-55,9.70,0.03,1.95,-55
1,8,0,1.61,-65,8.05,0.10,1.75,-65,8.91,0.21,2.05,-65,9.70,0.03,1.95,-65
1,8,0,1.61,-75,8.05,0.10,1.75,-75,8.91,0.21,2.05,-75,9.70,0.03,1.95,-75
1,8,0,1.61,-85,8.05,0.10,1.75,-85,8.91,0.21,2.05,-85,9.70,0.03,1.95,-85
0,8,0,1.61,-95,8.05,0.10,1.75,-95,8.91,0.21,2.05,-95,9.70,0.03,1.95,-95
0,8,0,1.61,-105,8.05,0.10,1.75,-105,8.91,0.21,2.05,-105,9.70,0.03,1.95,-105
0,8,0,1.61,-115,8.05,0.10,1.75,-115,8.91,0.21,2.05,-115,9.70,0.03,1.95,-115
0,8,0,1.61,-125,8.05,0.10,1.75,-125,8.91,0.21,2.05,-125,9.70,0.03,1.95,-125
0,8,0,1.61,-135,8.05,0.10,1.75,-135,8.91,0.21,2.05,-135,9.70,0.03,1.95,-135
0,8,0,1.61,-145,8.05,0.10,1.75,-145,8.91,0.21,2.05,-145,9.70,0.03,1.95,-145
0,8,0,1.61,-155,8.05,0.10,1.75,-155,8.91,0.21,2.05,-155,9.70,0.03,1.95,-155
0,8,0,1.61,-165,8.05,0.10,1.75,-165,8.91,0.21,2.05,-165,9.70,0.03,1.95,-165
0,8,0,1.61,-175,8.05,0.10,1.75,-175,8.91,0.21,2.05,-175,9.70,0.03,1.95,-175
0,8,0,1.61,-185,8.05,0.10,1.75,-185,8.91,0.21,2.05,-185,9.70,0.03,1.95,-185
0,8,0,1.61,-195,8.05,0.10,1.75,-195,8.91,0.21,2.05,-195,9.70,0.03,1.95,-195
0,8,0,1.61,-205,8.05,0.10,1.75,-205,8.91,0.21,2.05,-205,9.70,0.03,1.95,-205
0,8,0,1.61,-215,8.05,0.10,1.75,-215,8.91,0.21,2.05,-215,9.70,0.03,1.95,-215
0,8,0,1.61,-225,8.05,0.10,1.75,-225,8.91,0.21,2.05,-225,9.70,0.03,1.95,-225
0,8,0,1.61,-235,8.05,0.10,1.75,-235,8.91,0.21,2.05,-235,9.70,0.03,1.95,-235
0,8,0,1.61,-245,8.05,0.10,1.75,-245,8.91,0.21,2.05,-245,9.70,0.03,1.95,-245
0,8,0,1.61,-255,8.05,0.10,1.75,-255,8.91,0.21,2.05,-255,9.70,0.03,1.95,-255
0,8,0,1.61,-265,8.05,0.10,1.75,-265,8.91,0.21,2.05,-265,9.70,0.03,1.95,-265
1,8,0,1.61,-275,8.05,0.10,1.75,-275,8.91,0.21,2.05,-275,9.70,0.03,1.95,-275
1,8,0,1.61,-285,8.05,0.10,1.75,-285,8.91,0.21,2.05,-285,9.70,0.03,1.95,-285
1,8,0,1.61,-295,8.05,0.10,1.75,-295,8.91,0.21,2.05,-295,9.70,0.03,1.95,-295
1,8,0,1.61,-305,8.05,0.10,1.75,-305,8.91,0.21,2.05,-305,9.70,0.03,1.95,-305
1,8,0,1.61,-315,8.05,0.10,1.75,-315,8.91,0.21,2.05,-315,9.70,0.03,1.95,-315
1,8,0,1.61,-325,8.05,0.10,1.75,-325,8.91,0.21,2.05,-325,9.70,0.03,1.95,-325
1,8,0,1.61,-335,8.05,0.10,1.75,-335,8.91,0.21,2.05,-335,9.70,0.03,1.95,-335
1,8,0,1.61,-345,8.05,0.10,1.75,-345,8.91,0.21,2.05,-345,9.70,0.03,1.95,-345
1,8,0,1.61,-355,8.05,0.10,1.75,-355,8.91,0.21,2.05,-355,9.70,0.03,1.95,-355
